Tianjin,Beijing,Shanghai,Chongqing,Hangzhou,Chengdu,US,Japan
381787.34000076,82339.2037973234,29935.8707458036,7493.52275428463,75983.8761794974,-8359.61221563514,39234776.8086729,86141.1738485874
4162468.18000912,749300.341626756,212312.952869486,35930.3121414967,688447.841753519,-124171.34466917,202428963.756855,33547.601554039
25254545.3000593,4035037.78663614,901846.625017928,60827.5175793539,3589856.06222846,-894618.168988537,1037254351.31091,174182.275642278
111682168.070277,16308953.2497968,2679674.09341117,-254095.656263705,13905864.2514035,-4500587.33604576,4237849756.68096,1616350.65283848
