Tianjin,Beijing,Shanghai,Chongqing,Hangzhou,Chengdu,US,Japan
1602.104454,2558.104319,3501.063634,1314.298696,648.1541101,921.7515391,15105544.14,134673.7522
1857.319048,3126.910841,3956.138351,1501.586679,977.9877284,1139.15518,15246115.32,135175.7306
1715.797349,2727.588974,3704.915699,1668.880131,1411.526265,1202.564683,15386686.5,135677.709
1971.011943,3296.395496,4159.990415,1962.438688,1830.04486,1209.652853,15527257.68,136179.6873
