Tianjin,Beijing,Shanghai,Chongqing,Hangzhou,Chengdu,US,Japan
2426.33109937464,6757.38196440337,3947.5106962426,-814.703202869915,-7098.45786931529,-331.555582826115,31741148.0397819,105104.337696324
9924.7662394652,30515.420047239,8311.64064258428,-10119.5175774441,-37713.8850942875,-3795.19228327392,202945560.474654,-915.201760420415
35813.760122923,107292.938957637,23995.0989442324,-35388.9738273565,-116271.329357512,-11212.2311229047,1126116990.74068,-263901.287263506
104616.580072637,303641.079230477,69195.7708633029,-88961.6300803244,-276586.424865624,-23792.2317174754,4799118176.90422,-724243.082587388
